sector,co2_emissions,percentage
coal_co2,66113.546,35.861970961508824
oil_co2,53975.551,29.27795829607201
gas_co2,37929.603,20.574154672743735
cement_co2,6882.713,3.733390033903177
flaring_co2,1957.063,1.061569689150289
land_use_change_co2,17497.108,9.490956346621973
