sector,co2_emissions,percentage
coal_co2,66113.55,35.86197390933326
oil_co2,53975.55,29.27795838889173
gas_co2,37929.6,20.57415349185525
land_use_change_co2,17497.11,9.490957637409185
cement_co2,6882.71,3.7333884876172445
flaring_co2,1957.06,1.0615680848933349
